{
  "S4_late2": {
    "fold_scores": [
      0.59541783999466,
      0.5944411665797831,
      0.5911656773065704,
      0.6064036220784741,
      0.6207195832873559
    ],
    "mean": 0.6016295778493688,
    "std": 0.012113752146318402,
    "sem": 0.005417434652350385,
    "oof": 0.6013525629654684
  },
  "S5_late3": {
    "fold_scores": [
      0.5963268559125648,
      0.5962913317339086,
      0.5940189457929466,
      0.6032296636687605,
      0.6186738770865671
    ],
    "mean": 0.6017081348389495,
    "std": 0.010094243494933708,
    "sem": 0.0045142829272213645,
    "oof": 0.6014729218871327
  },
  "S6_secondhalf": {
    "fold_scores": [
      0.595135723883596,
      0.5933469403745764,
      0.5868712953264342,
      0.6031823363824985,
      0.6216564838767559
    ],
    "mean": 0.6000385559687722,
    "std": 0.013410913437045301,
    "sem": 0.005997542817119728,
    "oof": 0.5997319031053199
  },
  "S_lean_late": {
    "fold_scores": [
      0.5963055340335855,
      0.599342660222885,
      0.5869555650325902,
      0.6051021287862448,
      0.6204989974421073
    ],
    "mean": 0.6016409771034825,
    "std": 0.012419893749452307,
    "sem": 0.0055543453394200195,
    "oof": 0.6011368101790734
  }
}