{
  "S0_log": {
    "fold_scores": [
      0.5848994622900928,
      0.5963991611173438,
      0.5827757258540708,
      0.6013705419479315,
      0.6232219224368913
    ],
    "mean": 0.5977333627292661,
    "std": 0.016225872426097302,
    "sem": 0.007256430747798599,
    "oof": 0.596810388986791
  },
  "S1_uniform": {
    "fold_scores": [
      0.5946123483123137,
      0.5968357757669819,
      0.5795179319015537,
      0.6015513456806086,
      0.6215257642888099
    ],
    "mean": 0.5988086331900536,
    "std": 0.015142841927400705,
    "sem": 0.006772084784440382,
    "oof": 0.5981271125604729
  },
  "S2_triangular": {
    "fold_scores": [
      0.5861969431893914,
      0.5908494553508511,
      0.5769661125233696,
      0.603748871422166,
      0.6163087058659779
    ],
    "mean": 0.5948140176703511,
    "std": 0.01541405752328692,
    "sem": 0.00689337608623232,
    "oof": 0.5941305993945961
  },
  "S3_late": {
    "fold_scores": [
      0.5949896975788784,
      0.5960228812844024,
      0.5930749407600995,
      0.6073542741903757,
      0.6226406999754415
    ],
    "mean": 0.6028164987578395,
    "std": 0.012408670024279488,
    "sem": 0.00554932593693058,
    "oof": 0.602272726896213
  }
}