{
  "S0_log": {
    "fold_scores": [
      0.6039659613877328,
      0.577448374350134,
      0.5979748261823891,
      0.6141485165923818,
      0.5887343641049838,
      0.597276462166092,
      0.6143787267218767,
      0.5997716853669607,
      0.6223112768131704,
      0.6272359228751451
    ],
    "mean": 0.6043246116560865,
    "std": 0.0153560865538289,
    "sem": 0.004856020945678516,
    "oof": 0.603282223199039
  },
  "S3_late": {
    "fold_scores": [
      0.6087361948404522,
      0.5861160546351231,
      0.5981830519235479,
      0.599033994614919,
      0.5911787087049094,
      0.5958770521044403,
      0.622012853837788,
      0.5933482912587947,
      0.6162509987293698,
      0.6331168068307773
    ],
    "mean": 0.6043854007480123,
    "std": 0.015149054997252717,
    "sem": 0.0047905518190474415,
    "oof": 0.6039465357187853
  },
  "S_lean_late": {
    "fold_scores": [
      0.6104417260215591,
      0.5880233261168629,
      0.5962203892168649,
      0.6040281771100251,
      0.5909376814177733,
      0.5937877430914634,
      0.6229715644712219,
      0.6002872699290265,
      0.6192668204504578,
      0.6328395897558772
    ],
    "mean": 0.6058804287581131,
    "std": 0.01503820941681979,
    "sem": 0.004755499368774297,
    "oof": 0.6054202473134251
  }
}