{
  "ramp_base50": [
    0.5940447247002171,
    0.604423855830658,
    0.5957913464111017,
    0.620645373415569,
    0.62965194701222
  ],
  "ramp_plus_calib": [
    0.6019289476560806,
    0.6027224663043432,
    0.598490199187097,
    0.6263932669041118,
    0.6084295019829548
  ]
}