{
  "ramp_base50": [
    0.5940447247002171,
    0.604423855830658,
    0.5957913464111017,
    0.620645373415569,
    0.62965194701222
  ],
  "base50_plus_top4": [
    0.6063029905825215,
    0.6083264918662862,
    0.5987832648325992,
    0.6204368539329237,
    0.6256323196828796
  ],
  "base50_plus_top8": [
    0.6039920965439323,
    0.6100059391283952,
    0.5982290019276678,
    0.6231986349615541,
    0.6178858787462168
  ],
  "base50_plus_top16": [
    0.6023444340626675,
    0.6042873666401076,
    0.5986847965721668,
    0.6242206202017373,
    0.6048026791740619
  ]
}