{
  "mlp_auc": 0.5669372900526352,
  "mlp_epoch": 13,
  "gbt_auc": 0.5793039932422368,
  "corr": 0.8720086616853012,
  "blend_auc": 0.5790570213472134
}