{
  "enc_auc": 0.531269022361966,
  "enc_epoch": -1,
  "gbt_auc": 0.5793039932422368,
  "corr": 0.35124712555250825,
  "blend_auc": 0.5488606476597776
}