{
  "v2": {
    "LGB": 0.602018501776345,
    "Cat": 0.6105961282208253,
    "blend": 0.6106039200025352
  },
  "v3": {
    "LGB": 0.6011601157893601,
    "Cat": 0.6130208459444654,
    "blend": 0.6112325472976098
  }
}