{
  "v1": {
    "LGB": 0.6007121518993862,
    "Cat": 0.606610709558672,
    "blend": 0.6076306537844866
  },
  "v2": {
    "LGB": 0.602018501776345,
    "Cat": 0.6105961282208253,
    "blend": 0.6106039200025352
  }
}