{
  "singles": {
    "LGB": 0.6007121518993862,
    "XGB": 0.594274817251999,
    "Cat": 0.606610709558672
  },
  "corr": {
    "LGB": {
      "LGB": 1.0,
      "XGB": 0.9631937563801289,
      "Cat": 0.9353318532379754
    },
    "XGB": {
      "LGB": 0.9631937563801289,
      "XGB": 1.0,
      "Cat": 0.9484754605520244
    },
    "Cat": {
      "LGB": 0.9353318532379754,
      "XGB": 0.9484754605520244,
      "Cat": 1.0
    }
  },
  "blends": {
    "LGB+XGB": 0.5996163143073105,
    "LGB+Cat": 0.6076306537844866,
    "XGB+Cat": 0.6027604724241524,
    "LGB+XGB+Cat": 0.6043505114217139
  }
}