{
  "base": [
    0.5848994622900928,
    0.5963991611173438,
    0.5827757258540708,
    0.6013705419479315,
    0.6232219224368913
  ],
  "ramp_W8": [
    0.5940977208817314,
    0.6034160859410647,
    0.5958290860280205,
    0.6159274041814202,
    0.6263615864595983
  ],
  "ramp_W15": [
    0.5933581373440538,
    0.6027493723712486,
    0.5948928656390996,
    0.6176078461626725,
    0.6276773893521534
  ],
  "ramp_W25": [
    0.5937084697560322,
    0.603822307554959,
    0.5951406269025215,
    0.6160462014755191,
    0.6278611440079259
  ],
  "ramp_W40": [
    0.5940447247002171,
    0.604423855830658,
    0.5957913464111017,
    0.620645373415569,
    0.62965194701222
  ]
}