{
  "base10": [
    0.6039659613877328,
    0.577448374350134,
    0.5979748261823891,
    0.6141485165923818,
    0.5887343641049838,
    0.597276462166092,
    0.6143787267218767,
    0.5997716853669607,
    0.6223112768131704,
    0.6272359228751451
  ],
  "ramp10_W40": [
    0.6174792968219162,
    0.5817513857091923,
    0.597844798496136,
    0.6149479758134291,
    0.6035053916589115,
    0.6018355982946249,
    0.6190497839515928,
    0.617807829217113,
    0.6326623147877649,
    0.6321678793172381
  ]
}