{
  "linear_W40": [
    0.5940447247002171,
    0.604423855830658,
    0.5957913464111017,
    0.620645373415569,
    0.62965194701222
  ],
  "concave_W40": [
    0.5959072239659492,
    0.6027381730478025,
    0.5933327509508973,
    0.617070178549232,
    0.6298822745571772
  ],
  "convex_W40": [
    0.5923195812988117,
    0.6023318488760012,
    0.5947908746401597,
    0.6186339377895165,
    0.6292536443354975
  ],
  "sigmoid_W40": [
    0.5934439824739548,
    0.6023418687835166,
    0.5946942215491042,
    0.6211867792568663,
    0.6291796037276743
  ],
  "linear_magW": [
    0.5994059774793058,
    0.5863723822222432,
    0.6044949759737305,
    0.6064654538776196,
    0.6179587016415765
  ],
  "concave_magW": [
    0.602527354302459,
    0.5931026064169047,
    0.6022124940475426,
    0.610358903150139,
    0.6231599713153069
  ]
}