{
  "ramp_only": [
    0.5940447247002171,
    0.604423855830658,
    0.5957913464111017,
    0.620645373415569,
    0.62965194701222
  ],
  "mt_since": [
    0.5946386612935105,
    0.6002344166080633,
    0.5948834810262895,
    0.6174531109053145,
    0.6295296683856693
  ],
  "mt_isbreak": [
    0.5825222990289272,
    0.5924626194376565,
    0.5861549724153435,
    0.5980645608470806,
    0.6172768011121627
  ],
  "mt_mag": [
    0.5909964912917058,
    0.5996944646113174,
    0.5962356886467476,
    0.6128153200507144,
    0.6240794733766288
  ]
}