{
  "base": {
    "fold_scores": [
      0.5848994622900928,
      0.5963991611173438,
      0.5827757258540708,
      0.6013705419479315,
      0.6232219224368913
    ],
    "mean": 0.5977333627292661,
    "oof": 0.596810388986791
  },
  "ramp": {
    "fold_scores": [
      0.5933581373440538,
      0.6027493723712486,
      0.5948928656390996,
      0.6176078461626725,
      0.6276773893521534
    ],
    "mean": 0.6072571221738456,
    "oof": 0.6063649217128215
  },
  "downweight": {
    "fold_scores": [
      0.5883143223224926,
      0.6025066947237752,
      0.5864954523434134,
      0.6086439722409206,
      0.6261631454535075
    ],
    "mean": 0.6024247174168218,
    "oof": 0.6015487735677222
  }
}