{
  "D_cat_v3": {
    "fold_scores": [
      0.5848994622900928,
      0.5963991611173438,
      0.5827757258540708,
      0.6013705419479315,
      0.6232219224368913
    ],
    "mean": 0.5977333627292661,
    "std": 0.016225872426097302,
    "sem": 0.007256430747798599,
    "oof": 0.596810388986791
  },
  "R_lgb_t30": {
    "fold_scores": [
      0.590821039422815,
      0.5929534718364193,
      0.5956351295661586,
      0.6070427457623446,
      0.6225630339055107
    ],
    "mean": 0.6018030840986497,
    "std": 0.013185163782658393,
    "sem": 0.005896584502498485,
    "oof": 0.6014841006692813
  },
  "R_lgb_t500": {
    "fold_scores": [
      0.5856386436144049,
      0.5855827581287654,
      0.5925149984334573,
      0.5955149336892894,
      0.6241808940646937
    ],
    "mean": 0.5966864455861222,
    "std": 0.015969219706748847,
    "sem": 0.007141652162383935,
    "oof": 0.5966935760809263
  },
  "R_cat_yeti": {
    "fold_scores": [
      0.5931028598339257,
      0.5974191507815579,
      0.5859707327235746,
      0.6269398788884974,
      0.6209477706104073
    ],
    "mean": 0.6048760785675926,
    "std": 0.018005118178997487,
    "sem": 0.008052133638231122,
    "oof": 0.6045885690580532
  }
}