{
  "A_lgb_v1": {
    "fold_scores": [
      0.5766040401564705,
      0.5884180996655689,
      0.5787401645713959,
      0.5980768044873083,
      0.6228514472574899
    ],
    "mean": 0.5929381112276466,
    "std": 0.018775169189547275,
    "sem": 0.008396510919377468,
    "oof": 0.5925927925561796
  },
  "B_cat_v1": {
    "fold_scores": [
      0.5803801015029306,
      0.5934090648267505,
      0.5809947218944612,
      0.5974613704064844,
      0.6289678462977867
    ],
    "mean": 0.5962426209856828,
    "std": 0.019777340022240478,
    "sem": 0.008844695340771381,
    "oof": 0.5953032883466982
  },
  "C_cat_v2": {
    "fold_scores": [
      0.582304386226335,
      0.5981994421054975,
      0.5799257836187953,
      0.6020510126974904,
      0.6198800443444754
    ],
    "mean": 0.5964721337985187,
    "std": 0.0162522654991805,
    "sem": 0.00726823408890843,
    "oof": 0.5953823096492911
  },
  "D_cat_v3": {
    "fold_scores": [
      0.5848994622900928,
      0.5963991611173438,
      0.5827757258540708,
      0.6013705419479315,
      0.6232219224368913
    ],
    "mean": 0.5977333627292661,
    "std": 0.016225872426097302,
    "sem": 0.007256430747798599,
    "oof": 0.596810388986791
  }
}