{
  "base_50": {
    "fold_scores": [
      0.5848994622900928,
      0.5963991611173438,
      0.5827757258540708,
      0.6013705419479315,
      0.6232219224368913
    ],
    "mean": 0.5977333627292661,
    "oof": 0.596810388986791
  },
  "base_plus_loc": {
    "fold_scores": [
      0.5848154636851882,
      0.5996777938235321,
      0.5845855058622322,
      0.6052260519836927,
      0.6221404830681025
    ],
    "mean": 0.5992890596845497,
    "oof": 0.5983209538508726
  }
}